building,total_kwh,mean_kwh,min_kwh,max_kwh
building_a,133.0,14.777777777777779,10.8,19.1
building_b,196.3,21.811111111111114,18.7,25.0
